{"cameraMode":{"drawMode":0,"name":"Shaded","section":"Shading Mode"},"sceneLighting":true,"audioPlay":false,"sceneViewState":{"m_AlwaysRefresh":false,"showFog":true,"showSkybox":true,"showFlares":true,"showImageEffects":true,"showParticleSystems":true,"showVisualEffectGraphs":true,"m_FxEnabled":true},"in2DMode":false,"pivot":{"x":1.2832322120666505,"y":1.4061917066574097,"z":-0.030254840850830079},"rotation":{"x":0.21792691946029664,"y":0.21461306512355805,"z":-0.04918898642063141,"w":0.9508088231086731},"size":2.3173530101776125,"orthographic":false}