{"cameraMode":{"drawMode":0,"name":"Shaded","section":"Shading Mode"},"sceneLighting":true,"audioPlay":false,"sceneViewState":{"m_AlwaysRefresh":false,"showFog":true,"showSkybox":true,"showFlares":true,"showImageEffects":true,"showParticleSystems":true,"showVisualEffectGraphs":true,"m_FxEnabled":true},"in2DMode":false,"pivot":{"x":-11.569605827331543,"y":31.846303939819337,"z":3.3576247692108156},"rotation":{"x":0.1854935884475708,"y":-0.27893996238708498,"z":-0.054975468665361407,"w":-0.9406531453132629},"size":0.5680664777755737,"orthographic":false}