{"cameraMode":{"drawMode":0,"name":"Shaded","section":"Shading Mode"},"sceneLighting":true,"audioPlay":false,"sceneViewState":{"m_AlwaysRefresh":false,"showFog":true,"showSkybox":true,"showFlares":true,"showImageEffects":true,"showParticleSystems":true,"showVisualEffectGraphs":true,"m_FxEnabled":true},"in2DMode":false,"pivot":{"x":-273.64178466796877,"y":-189.40687561035157,"z":129.05506896972657},"rotation":{"x":0.23667393624782563,"y":-0.5093680620193481,"z":0.14896801114082337,"w":0.8143624067306519},"size":184.04147338867188,"orthographic":false}