{"cameraMode":{"drawMode":0,"name":"Shaded","section":"Shading Mode"},"sceneLighting":true,"audioPlay":false,"sceneViewState":{"m_AlwaysRefresh":false,"showFog":true,"showSkybox":true,"showFlares":true,"showImageEffects":true,"showParticleSystems":true,"showVisualEffectGraphs":true,"m_FxEnabled":true},"in2DMode":false,"pivot":{"x":102.85823822021485,"y":-194.45506286621095,"z":290.5537414550781},"rotation":{"x":-0.27746862173080447,"y":-0.16181398928165437,"z":0.04764121398329735,"w":-0.9460936188697815},"size":184.04147338867188,"orthographic":false}